{
    "fallback": "yggdrasil:alfheim_tree/bridge/final",
    "elements": [
        {
            "weight": 12,
            "element": {
                "element_type": "minecraft:single_pool_element",
                "projection": "rigid",
                "processors": "minecraft:empty",
                "location": "yggdrasil:alfheim_tree/bridge/connector"
            }
        },
        {
            "weight": 6,
            "element": {
                "element_type": "minecraft:single_pool_element",
                "projection": "rigid",
                "processors": "minecraft:empty",
                "location": "yggdrasil:alfheim_tree/island/arena"
            }
        },
        {
            "weight": 2,
            "element": {
                "element_type": "minecraft:single_pool_element",
                "projection": "rigid",
                "processors": "minecraft:empty",
                "location": "yggdrasil:alfheim_tree/island/descend"
            }
        },
        {
            "weight": 3,
            "element": {
                "element_type": "minecraft:single_pool_element",
                "projection": "rigid",
                "processors": "minecraft:empty",
                "location": "yggdrasil:alfheim_tree/bridge/terminator_reward"
            }
        },
        {
            "weight": 3,
            "element": {
                "element_type": "minecraft:single_pool_element",
                "projection": "rigid",
                "processors": "minecraft:empty",
                "location": "yggdrasil:alfheim_tree/bridge/terminator"
            }
        }
    ]
}