{
    "type": "minecraft:chest",
    "pools": [
        {
            "rolls": 1,
            "bonus_rolls": 0,
            "entries": [
                {
                    "type": "minecraft:item",
                    "name": "minecraft:enchanted_golden_apple",
                    "weight": 3
                },
                {
                    "type": "minecraft:item",
                    "name": "minecraft:dragon_breath",
                    "weight": 4
                },
                {
                    "type": "minecraft:item",
                    "name": "minecraft:netherite_scrap",
                    "weight": 5
                },
                {
                    "type": "minecraft:item",
                    "name": "minecraft:breeze_spawn_egg",
                    "weight": 2
                },
                {
                    "type": "minecraft:item",
                    "name": "minecraft:witch_spawn_egg",
                    "weight": 4
                },
                {
                    "type": "minecraft:item",
                    "name": "minecraft:shulker_shell",
                    "weight": 5,
                    "functions": [
                        {
                            "function": "minecraft:set_count",
                            "count": {
                                "type": "minecraft:uniform",
                                "min": 1,
                                "max": 4
                            },
                            "add": false
                        }
                    ]
                },
                {
                    "type": "minecraft:item",
                    "name": "minecraft:shulker_spawn_egg",
                    "weight": 1
                },
                {
                    "type": "minecraft:item",
                    "name": "minecraft:totem_of_undying",
                    "weight": 4
                },
                {
                    "type": "minecraft:item",
                    "name": "minecraft:nether_star",
                    "weight": 2
                },
                {
                    "type": "minecraft:item",
                    "name": "minecraft:spawner",
                    "weight": 1
                },
                {
                    "type": "minecraft:item",
                    "name": "minecraft:budding_amethyst",
                    "weight": 1
                }
            ]
        }
    ],
    "random_sequence": "yggdrasil:alfheim_tree/chest"
}