{
    "fallback": "minecraft:empty",
    "elements": [
        {
            "weight": 5,
            "element": {
                "element_type": "minecraft:single_pool_element",
                "projection": "rigid",
                "processors": "minecraft:empty",
                "location": "yggdrasil:alfheim_tree/feature/spawner/breeze"
            }
        },
        {
            "weight": 4,
            "element": {
                "element_type": "minecraft:single_pool_element",
                "projection": "rigid",
                "processors": "minecraft:empty",
                "location": "yggdrasil:alfheim_tree/feature/spawner/magma_cube"
            }
        },
        {
            "weight": 2,
            "element": {
                "element_type": "minecraft:single_pool_element",
                "projection": "rigid",
                "processors": "minecraft:empty",
                "location": "yggdrasil:alfheim_tree/feature/spawner/phantom"
            }
        },
        {
            "weight": 10,
            "element": {
                "element_type": "minecraft:single_pool_element",
                "projection": "rigid",
                "processors": "minecraft:empty",
                "location": "yggdrasil:alfheim_tree/feature/spawner/skeleton"
            }
        },
        {
            "weight": 2,
            "element": {
                "element_type": "minecraft:single_pool_element",
                "projection": "rigid",
                "processors": "minecraft:empty",
                "location": "yggdrasil:alfheim_tree/feature/spawner/spider"
            }
        },
        {
            "weight": 10,
            "element": {
                "element_type": "minecraft:single_pool_element",
                "projection": "rigid",
                "processors": "minecraft:empty",
                "location": "yggdrasil:alfheim_tree/feature/spawner/zombie"
            }
        },
        {
            "weight": 5,
            "element": {
                "element_type": "minecraft:single_pool_element",
                "projection": "rigid",
                "processors": "minecraft:empty",
                "location": "yggdrasil:alfheim_tree/feature/spawner/witch"
            }
        },
        {
            "weight": 2,
            "element": {
                "element_type": "minecraft:single_pool_element",
                "projection": "rigid",
                "processors": "minecraft:empty",
                "location": "yggdrasil:alfheim_tree/feature/spawner/evoker"
            }
        },
        {
            "weight": 4,
            "element": {
                "element_type": "minecraft:single_pool_element",
                "projection": "rigid",
                "processors": "minecraft:empty",
                "location": "yggdrasil:alfheim_tree/feature/spawner/wither_skeleton"
            }
        },
        {
            "weight": 6,
            "element": {
                "element_type": "minecraft:single_pool_element",
                "projection": "rigid",
                "processors": "minecraft:empty",
                "location": "yggdrasil:alfheim_tree/feature/spawner/slime"
            }
        },
        {
            "weight": 4,
            "element": {
                "element_type": "minecraft:single_pool_element",
                "projection": "rigid",
                "processors": "minecraft:empty",
                "location": "yggdrasil:alfheim_tree/feature/spawner/piglin_brute"
            }
        },
        {
            "weight": 5,
            "element": {
                "element_type": "minecraft:single_pool_element",
                "projection": "rigid",
                "processors": "minecraft:empty",
                "location": "yggdrasil:alfheim_tree/feature/spawner/stray"
            }
        },
        {
            "weight": 1,
            "element": {
                "element_type": "minecraft:single_pool_element",
                "projection": "rigid",
                "processors": "minecraft:empty",
                "location": "yggdrasil:alfheim_tree/feature/spawner/warden"
            }
        },
        {
            "weight": 5,
            "element": {
                "element_type": "minecraft:single_pool_element",
                "projection": "rigid",
                "processors": "minecraft:empty",
                "location": "yggdrasil:alfheim_tree/feature/spawner/husk"
            }
        },
        {
            "weight": 5,
            "element": {
                "element_type": "minecraft:single_pool_element",
                "projection": "rigid",
                "processors": "minecraft:empty",
                "location": "yggdrasil:alfheim_tree/feature/spawner/bogged"
            }
        },
        {
            "weight": 5,
            "element": {
                "element_type": "minecraft:single_pool_element",
                "projection": "rigid",
                "processors": "minecraft:empty",
                "location": "yggdrasil:alfheim_tree/feature/spawner/drowned"
            }
        }
    ]
}