{
    "type": "minecraft:chest",
    "pools": [
        {
            "rolls": 1,
            "bonus_rolls": 0,
            "entries": [
                {
                    "type": "minecraft:item",
                    "name": "minecraft:leather_horse_armor",
                    "weight": 1,
                    "functions": [
                        {
                            "function": "minecraft:set_components",
                            "components": {
                                "!minecraft:attribute_modifiers": {},
                                "!minecraft:equippable": {},
                                "!minecraft:max_damage": {},
                                "!minecraft:damage": {},
                                "minecraft:item_model": "minecraft:ominous_trial_key",
                                "minecraft:hide_additional_tooltip": {},
                                "minecraft:rarity": "epic",
                                "minecraft:dyed_color": {
                                    "rgb": 16731647,
                                    "show_in_tooltip": false
                                }
                            }
                        },
                        {
                            "function": "minecraft:set_name",
                            "target": "item_name",
                            "name": {
                                "translate": "item.yggdrasil.ominous_alfheim_key",
                                "fallback": "Ominous Alfheim Key"
                            }
                        },
                        {
                            "function": "minecraft:set_lore",
                            "entity": "this",
                            "lore": [
                                {
                                    "translate": "item.yggdrasil.ominous_alfheim_key.lore1",
                                    "fallback": "This key can only be used on",
                                    "color": "gray",
                                    "bold": false,
                                    "italic": false
                                },
                                {
                                    "translate": "item.yggdrasil.ominous_alfheim_key.lore2",
                                    "fallback": "Ominous Vault in the Alfheim tree",
                                    "color": "gray",
                                    "bold": false,
                                    "italic": false
                                },
                                {
                                    "text": ""
                                },
                                {
                                    "translate": "item.yggdrasil.structure_item.ominous_vault",
                                    "fallback": "(Structure Item - Ominous Vault)",
                                    "color": "#707070",
                                    "bold": false,
                                    "italic": false,
                                    "underlined": false,
                                    "strikethrough": false,
                                    "obfuscated": false
                                },
                                {
                                    "translate": "item.yggdrasil.location.alfheim_tree",
                                    "fallback": "[Alfheim Tree]",
                                    "color": "#9a0031",
                                    "bold": false,
                                    "italic": false,
                                    "underlined": false,
                                    "strikethrough": false,
                                    "obfuscated": false
                                }
                            ],
                            "mode": "append"
                        },
                        {
                            "function": "minecraft:set_custom_data",
                            "tag": {
                                "yggdrasil": {
                                    "dungeon": "alfheim_tree",
                                    "ominous": true
                                }
                            }
                        }
                    ]
                }
            ]
        }
    ],
    "random_sequence": "yggdrasil:alfheim_tree/spawner/key"
}