{
    "fallback": "minecraft:empty",
    "elements": [
        {
            "weight": 1,
            "element": {
                "element_type": "minecraft:single_pool_element",
                "projection": "terrain_matching",
                "processors": "yggdrasil:asflors/street",
                "location": "yggdrasil:asflors/road/terminator/medium"
            }
        },
        {
            "weight": 1,
            "element": {
                "element_type": "minecraft:single_pool_element",
                "projection": "terrain_matching",
                "processors": "yggdrasil:asflors/street",
                "location": "yggdrasil:asflors/road/terminator/small"
            }
        },
        {
            "weight": 1,
            "element": {
                "element_type": "minecraft:single_pool_element",
                "projection": "terrain_matching",
                "processors": "yggdrasil:asflors/street",
                "location": "yggdrasil:asflors/road/terminator/lite"
            }
        }
    ]
}