{
    "loot_tables_to_eject": [
        {
            "data": "yggdrasil:alfheim_tree/spawner/key",
            "weight": 3
        },
        {
            "data": "yggdrasil:alfheim_tree/spawner/ominous",
            "weight": 7
        }
    ],
    "simultaneous_mobs": 1.0,
    "simultaneous_mobs_added_per_player": 2.0,
    "spawn_potentials": [
        {
            "data": {
                "entity": {
                    "DeathLootTable": "yggdrasil:alfheim_tree/mob/ominous/enderman",
                    "active_effects": [
                        {
                            "id": "minecraft:absorption",
                            "duration": -1,
                            "amplifier": 2,
                            "show_particles": 0
                        },
                        {
                            "id": "minecraft:fire_resistance",
                            "duration": -1,
                            "amplifier": 0,
                            "show_particles": 0
                        },
                        {
                            "id": "minecraft:regeneration",
                            "duration": -1,
                            "amplifier": 0,
                            "show_particles": 0
                        },
                        {
                            "id": "minecraft:oozing",
                            "duration": -1,
                            "amplifier": 1,
                            "show_particles": 0
                        },
                        {
                            "id": "minecraft:resistance",
                            "duration": -1,
                            "amplifier": 0,
                            "show_particles": 0
                        }
                    ],
                    "HandItems": [
                        {},
                        {
                            "id": "minecraft:totem_of_undying",
                            "count": 1
                        }
                    ],
                    "HandDropChances": [
                        0,
                        0
                    ],
                    "id": "minecraft:enderman"
                }
            },
            "weight": 1
        }
    ],
    "ticks_between_spawn": 100
}