{
    "type": "minecraft:chest",
    "pools": [
        {
            "rolls": {
                "min": 1,
                "max": 3
            },
            "entries": [
                {
                    "weight": 3,
                    "type": "minecraft:loot_table",
                    "value": "yggdrasil:asflors/compound/archer"
                },
                {
                    "weight": 3,
                    "type": "minecraft:loot_table",
                    "value": "yggdrasil:asflors/compound/arrow"
                },
                {
                    "type": "minecraft:loot_table",
                    "value": "yggdrasil:asflors/key/normal",
                    "weight": 2
                },
                {
                    "weight": 3,
                    "type": "minecraft:loot_table",
                    "value": "yggdrasil:asflors/compound/dye"
                },
                {
                    "weight": 4,
                    "type": "minecraft:loot_table",
                    "value": "yggdrasil:asflors/compound/redstone"
                },
                {
                    "weight": 2,
                    "type": "minecraft:loot_table",
                    "value": "yggdrasil:asflors/compound/echo"
                },
                {
                    "weight": 4,
                    "type": "minecraft:loot_table",
                    "value": "yggdrasil:asflors/compound/food"
                },
                {
                    "weight": 3,
                    "type": "minecraft:loot_table",
                    "value": "yggdrasil:asflors/compound/harvest"
                },
                {
                    "weight": 3,
                    "type": "minecraft:loot_table",
                    "value": "yggdrasil:asflors/compound/small"
                },
                {
                    "weight": 1,
                    "type": "minecraft:loot_table",
                    "value": "yggdrasil:asflors/compound/treasure"
                },
                {
                    "weight": 1,
                    "type": "minecraft:loot_table",
                    "value": "yggdrasil:asflors/compound/magic"
                }
            ]
        }
    ],
    "random_sequence": "yggdrasil:asflors/reward"
}