{
    "type": "minecraft:chest",
    "pools": [
        {
            "rolls": 1,
            "entries": [
                {
                    "type": "minecraft:item",
                    "name": "minecraft:crossbow",
                    "functions": [
                        {
                            "function": "minecraft:set_damage",
                            "damage": {
                                "type": "minecraft:uniform",
                                "min": 0.1,
                                "max": 0.5
                            },
                            "add": false
                        },
                        {
                            "function": "minecraft:enchant_randomly",
                            "options": "#minecraft:on_random_loot"
                        }
                    ]
                },
                {
                    "type": "minecraft:item",
                    "name": "minecraft:spectral_arrow",
                    "functions": [
                        {
                            "function": "minecraft:set_count",
                            "count": {
                                "type": "minecraft:uniform",
                                "min": 10,
                                "max": 28
                            },
                            "add": false
                        }
                    ]
                },
                {
                    "type": "minecraft:item",
                    "name": "minecraft:iron_sword",
                    "functions": [
                        {
                            "function": "minecraft:set_count",
                            "count": 1,
                            "add": false
                        }
                    ]
                },
                {
                    "type": "minecraft:item",
                    "name": "minecraft:iron_chestplate",
                    "functions": [
                        {
                            "function": "minecraft:set_count",
                            "count": 1,
                            "add": false
                        },
                        {
                            "function": "minecraft:enchant_randomly",
                            "options": "#minecraft:on_random_loot"
                        }
                    ]
                },
                {
                    "type": "minecraft:item",
                    "name": "minecraft:iron_helmet",
                    "functions": [
                        {
                            "function": "minecraft:set_count",
                            "count": 1,
                            "add": false
                        },
                        {
                            "function": "minecraft:enchant_randomly",
                            "options": "#minecraft:on_random_loot"
                        }
                    ]
                },
                {
                    "type": "minecraft:item",
                    "name": "minecraft:chainmail_leggings",
                    "functions": [
                        {
                            "function": "minecraft:set_count",
                            "count": 1,
                            "add": false
                        },
                        {
                            "function": "minecraft:enchant_randomly",
                            "options": "#minecraft:on_random_loot"
                        }
                    ]
                },
                {
                    "type": "minecraft:item",
                    "name": "minecraft:leather_boots",
                    "functions": [
                        {
                            "function": "minecraft:set_count",
                            "count": 1,
                            "add": false
                        },
                        {
                            "function": "minecraft:enchant_randomly",
                            "options": "#minecraft:on_random_loot"
                        }
                    ]
                },
                {
                    "type": "minecraft:item",
                    "name": "minecraft:stone_axe",
                    "functions": [
                        {
                            "function": "minecraft:set_count",
                            "count": 1,
                            "add": false
                        },
                        {
                            "function": "minecraft:enchant_randomly",
                            "options": "#minecraft:on_random_loot"
                        }
                    ]
                },
                {
                    "type": "minecraft:item",
                    "name": "minecraft:bow",
                    "functions": [
                        {
                            "function": "minecraft:enchant_with_levels",
                            "levels": {
                                "min": 0,
                                "max": 30
                            }
                        }
                    ]
                }
            ]
        }
    ],
    "random_sequence": "yggdrasil:asflors/reward"
}