{
    "pools": [
        {
            "rolls": {
                "min": 2,
                "max": 6
            },
            "entries": [
                {
                    "type": "minecraft:item",
                    "name": "minecraft:echo_shard",
                    "weight": 2,
                    "functions": [
                        {
                            "function": "minecraft:set_count",
                            "count": {
                                "min": 2,
                                "max": 5
                            }
                        }
                    ]
                },
                {
                    "type": "minecraft:item",
                    "name": "minecraft:bone",
                    "weight": 1,
                    "functions": [
                        {
                            "function": "minecraft:set_count",
                            "count": {
                                "min": 2,
                                "max": 4
                            }
                        }
                    ]
                },
                {
                    "type": "minecraft:item",
                    "name": "minecraft:string",
                    "weight": 2,
                    "functions": [
                        {
                            "function": "minecraft:set_count",
                            "count": {
                                "min": 2,
                                "max": 4
                            }
                        }
                    ]
                }
            ]
        }
    ],
    "random_sequence": "yggdrasil:asflors/reward"
}