{
    "loot_tables_to_eject": [
        {
            "data": "yggdrasil:alfheim_tree/spawner/key",
            "weight": 3
        },
        {
            "data": "yggdrasil:alfheim_tree/spawner/ominous",
            "weight": 7
        }
    ],
    "simultaneous_mobs": 7.0,
    "simultaneous_mobs_added_per_player": 2.0,
    "spawn_potentials": [
        {
            "data": {
                "entity": {
                    "id": "minecraft:stray",
                    "attributes": [
                        {
                            "id": "minecraft:fall_damage_multiplier",
                            "base": 50
                        },
                        {
                            "id": "minecraft:knockback_resistance",
                            "base": 10
                        }
                    ],
                    "DeathLootTable": "yggdrasil:alfheim_tree/mob/ominous/stray",
                    "active_effects": [
                        {
                            "id": "minecraft:absorption",
                            "duration": -1,
                            "amplifier": 2,
                            "show_particles": 0
                        },
                        {
                            "id": "minecraft:fire_resistance",
                            "duration": -1,
                            "amplifier": 0,
                            "show_particles": 0
                        },
                        {
                            "id": "minecraft:wind_charged",
                            "duration": -1,
                            "amplifier": 1,
                            "show_particles": 0
                        },
                        {
                            "id": "minecraft:resistance",
                            "duration": -1,
                            "amplifier": 0,
                            "show_particles": 0
                        }
                    ]
                },
                "equipment": {
                    "loot_table": "yggdrasil:alfheim_tree/equipment/ominous/range",
                    "slot_drop_chances": 0.0
                }
            },
            "weight": 1
        }
    ],
    "ticks_between_spawn": 80
}