{
    "type": "minecraft:chest",
    "pools": [
        {
            "rolls": {
                "type": "minecraft:uniform",
                "min": 5,
                "max": 10
            },
            "bonus_rolls": 0,
            "entries": [
                {
                    "type": "minecraft:item",
                    "name": "minecraft:music_disc_otherside"
                },
                {
                    "type": "minecraft:item",
                    "name": "minecraft:stone_hoe",
                    "weight": 2,
                    "functions": [
                        {
                            "function": "minecraft:set_count",
                            "count": 1,
                            "add": false
                        },
                        {
                            "function": "minecraft:set_damage",
                            "damage": {
                                "type": "minecraft:uniform",
                                "min": 0.8,
                                "max": 1
                            },
                            "add": false
                        },
                        {
                            "function": "minecraft:enchant_with_levels",
                            "levels": {
                                "type": "minecraft:uniform",
                                "min": 10,
                                "max": 15
                            },
                            "options": "#minecraft:on_random_loot"
                        }
                    ]
                },
                {
                    "type": "minecraft:item",
                    "name": "minecraft:stone_axe",
                    "weight": 2,
                    "functions": [
                        {
                            "function": "minecraft:set_count",
                            "count": 1,
                            "add": false
                        },
                        {
                            "function": "minecraft:set_damage",
                            "damage": {
                                "type": "minecraft:uniform",
                                "min": 0.8,
                                "max": 1
                            },
                            "add": false
                        },
                        {
                            "function": "minecraft:enchant_with_levels",
                            "levels": {
                                "type": "minecraft:uniform",
                                "min": 10,
                                "max": 15
                            },
                            "options": "#minecraft:on_random_loot"
                        }
                    ]
                },
                {
                    "type": "minecraft:item",
                    "name": "minecraft:stone_pickaxe",
                    "weight": 2,
                    "functions": [
                        {
                            "function": "minecraft:set_count",
                            "count": 1,
                            "add": false
                        },
                        {
                            "function": "minecraft:set_damage",
                            "damage": {
                                "type": "minecraft:uniform",
                                "min": 0.8,
                                "max": 1
                            },
                            "add": false
                        },
                        {
                            "function": "minecraft:enchant_with_levels",
                            "levels": {
                                "type": "minecraft:uniform",
                                "min": 10,
                                "max": 15
                            },
                            "options": "#minecraft:on_random_loot"
                        }
                    ]
                },
                {
                    "type": "minecraft:item",
                    "name": "minecraft:stone_sword",
                    "weight": 2,
                    "functions": [
                        {
                            "function": "minecraft:set_count",
                            "count": 1,
                            "add": false
                        },
                        {
                            "function": "minecraft:set_damage",
                            "damage": {
                                "type": "minecraft:uniform",
                                "min": 0.8,
                                "max": 1
                            },
                            "add": false
                        },
                        {
                            "function": "minecraft:enchant_with_levels",
                            "levels": {
                                "type": "minecraft:uniform",
                                "min": 10,
                                "max": 15
                            },
                            "options": "#minecraft:on_random_loot"
                        }
                    ]
                },
                {
                    "type": "minecraft:item",
                    "name": "minecraft:stone_shovel",
                    "weight": 2,
                    "functions": [
                        {
                            "function": "minecraft:set_count",
                            "count": 1,
                            "add": false
                        },
                        {
                            "function": "minecraft:set_damage",
                            "damage": {
                                "type": "minecraft:uniform",
                                "min": 0.8,
                                "max": 1
                            },
                            "add": false
                        },
                        {
                            "function": "minecraft:enchant_with_levels",
                            "levels": {
                                "type": "minecraft:uniform",
                                "min": 10,
                                "max": 15
                            },
                            "options": "#minecraft:on_random_loot"
                        }
                    ]
                },
                {
                    "type": "minecraft:item",
                    "name": "minecraft:lead",
                    "weight": 2,
                    "functions": [
                        {
                            "function": "minecraft:set_count",
                            "count": 1,
                            "add": false
                        }
                    ]
                },
                {
                    "type": "minecraft:item",
                    "name": "minecraft:iron_horse_armor",
                    "weight": 2,
                    "functions": [
                        {
                            "function": "minecraft:set_count",
                            "count": 1,
                            "add": false
                        }
                    ]
                },
                {
                    "type": "minecraft:item",
                    "name": "minecraft:saddle",
                    "weight": 2,
                    "functions": [
                        {
                            "function": "minecraft:set_count",
                            "count": 1,
                            "add": false
                        }
                    ]
                },
                {
                    "type": "minecraft:item",
                    "name": "minecraft:candle",
                    "weight": 3,
                    "functions": [
                        {
                            "function": "minecraft:set_count",
                            "count": {
                                "type": "minecraft:uniform",
                                "min": 1,
                                "max": 4
                            },
                            "add": false
                        }
                    ]
                },
                {
                    "type": "minecraft:item",
                    "name": "minecraft:amethyst_shard",
                    "weight": 3,
                    "functions": [
                        {
                            "function": "minecraft:set_count",
                            "count": {
                                "type": "minecraft:uniform",
                                "min": 1,
                                "max": 7
                            },
                            "add": false
                        }
                    ]
                },
                {
                    "type": "minecraft:item",
                    "name": "minecraft:experience_bottle",
                    "weight": 3,
                    "functions": [
                        {
                            "function": "minecraft:set_count",
                            "count": {
                                "type": "minecraft:uniform",
                                "min": 1,
                                "max": 7
                            },
                            "add": false
                        }
                    ]
                },
                {
                    "type": "minecraft:item",
                    "name": "minecraft:glow_berries",
                    "weight": 3,
                    "functions": [
                        {
                            "function": "minecraft:set_count",
                            "count": {
                                "type": "minecraft:uniform",
                                "min": 4,
                                "max": 15
                            },
                            "add": false
                        }
                    ]
                },
                {
                    "type": "minecraft:item",
                    "name": "minecraft:iron_leggings",
                    "weight": 3,
                    "functions": [
                        {
                            "function": "minecraft:enchant_with_levels",
                            "levels": {
                                "type": "minecraft:uniform",
                                "min": 5,
                                "max": 12
                            },
                            "options": "#minecraft:on_random_loot"
                        }
                    ]
                },
                {
                    "type": "minecraft:item",
                    "name": "minecraft:potion",
                    "weight": 5,
                    "functions": [
                        {
                            "function": "minecraft:set_count",
                            "count": 1,
                            "add": false
                        },
                        {
                            "function": "minecraft:set_potion",
                            "id": "minecraft:regeneration"
                        }
                    ]
                },
                {
                    "type": "minecraft:item",
                    "name": "minecraft:bone",
                    "weight": 5,
                    "functions": [
                        {
                            "function": "minecraft:set_count",
                            "count": {
                                "type": "minecraft:uniform",
                                "min": 1,
                                "max": 15
                            },
                            "add": false
                        }
                    ]
                },
                {
                    "type": "minecraft:item",
                    "name": "minecraft:coal",
                    "weight": 7,
                    "functions": [
                        {
                            "function": "minecraft:set_count",
                            "count": {
                                "type": "minecraft:uniform",
                                "min": 6,
                                "max": 15
                            },
                            "add": false
                        }
                    ]
                },
                {
                    "type": "minecraft:item",
                    "name": "minecraft:ender_pearl"
                }
            ]
        }
    ],
    "random_sequence": "yggdrasil:asflors/chest"
}