{
    "type": "minecraft:entity",
    "pools": [
        {
            "rolls": 1,
            "bonus_rolls": 0,
            "entries": [
                {
                    "type": "minecraft:loot_table",
                    "value": "minecraft:entities/breeze"
                }
            ]
        },
        {
            "rolls": 1,
            "bonus_rolls": 0,
            "entries": [
                {
                    "type": "minecraft:loot_table",
                    "value": "yggdrasil:alfheim_tree/spawner/key",
                    "conditions": [
                        {
                            "condition": "minecraft:random_chance",
                            "chance": 0.25
                        }
                    ]
                }
            ]
        }
    ],
    "random_sequence": "minecraft:entities/zombie"
}