{
  "loot_tables_to_eject": [
    {
      "data": "yggdrasil:alfheim_tree/spawner/key",
      "weight": 3
    },
    {
      "data": "yggdrasil:alfheim_tree/spawner/consumables",
      "weight": 7
    }
  ],
  "simultaneous_mobs": 10.0,
  "simultaneous_mobs_added_per_player": 2.0,
  "spawn_potentials": [
    {
      "data": {
        "entity": {
          "attributes": [
            {
              "id": "minecraft:attack_damage",
              "base": 5
            },
            {
              "id": "minecraft:fall_damage_multiplier",
              "base": 50
            },
            {
              "id": "minecraft:knockback_resistance",
              "base": 10
            }
          ],
          "DeathLootTable": "yggdrasil:alfheim_tree/mob/normal/zombie",
          "id": "minecraft:zombie"
        },
        "equipment": {
          "loot_table": "yggdrasil:alfheim_tree/equipment/normal/melee",
          "slot_drop_chances": 0.0
        }
      },
      "weight": 1
    }
  ],
  "ticks_between_spawn": 100
}