{
    "type": "minecraft:chest",
    "pools": [
        {
            "rolls": 1,
            "bonus_rolls": 0,
            "entries": [
                {
                    "type": "minecraft:loot_table",
                    "value": "yggdrasil:alfheim_tree/key/normal_key",
                    "weight": 50
                },
                {
                    "type": "minecraft:loot_table",
                    "value": "yggdrasil:alfheim_tree/key/ominous_key",
                    "weight": 1
                }
            ]
        }
    ],
    "random_sequence": "yggdrasil:alfheim_tree/spawner/key"
}