{
    "type": "minecraft:chest",
    "pools": [
        {
            "rolls": 1,
            "entries": [
                {
                    "type": "minecraft:item",
                    "name": "minecraft:written_book",
                    "functions": [
                        {
                            "function": "minecraft:set_name",
                            "entity": "this",
                            "target": "item_name",
                            "name": {
                                "translate": "item.yggdrasil.secret_chapter.8",
                                "fallback": "Secret Chapter 8: The Return"
                            }
                        },
                        {
                            "function": "minecraft:set_written_book_pages",
                            "pages": [
                                {
                                    "translate": "item.yggdrasil.secret_chapter.8.content",
                                    "fallback": "Centuries after my departure, I returned to the village. I found it on the brink of ruin, threatened by forces the mortals could not withstand. I used my power to protect this place dear to my heart, reinforcing its foundations and repelling the imminent decline. Without their knowledge, I watched over them once more."
                                }
                            ],
                            "mode": "replace_all"
                        },
                        {
                            "function": "minecraft:set_lore",
                            "entity": "this",
                            "lore": [
                                {
                                    "text": ""
                                },
                                {
                                    "translate": "item.yggdrasil.quest_item.story",
                                    "fallback": "(Quest Item - Story)",
                                    "color": "#707070",
                                    "bold": false,
                                    "italic": false,
                                    "underlined": false,
                                    "strikethrough": false,
                                    "obfuscated": false
                                },
                                {
                                    "translate": "item.yggdrasil.location.asflors",
                                    "fallback": "[Village of Asflors]",
                                    "color": "#ffcbfc",
                                    "bold": false,
                                    "italic": false,
                                    "underlined": false,
                                    "strikethrough": false,
                                    "obfuscated": false
                                }
                            ],
                            "mode": "replace_all"
                        }
                    ]
                }
            ]
        }
    ],
    "random_sequence": "yggdrasil:asflors/lore"
}