{
    "criteria": {
        "requirement": {
            "trigger": "minecraft:player_interacted_with_entity",
            "conditions": {
                "item": {
                    "components": {
                        "minecraft:custom_data": {
                            "yggdrasil": {
                                "quest_item": true,
                                "quest_id": "yggdrasil.asflors.rune_of_rupture"
                            }
                        }
                    }
                },
                "entity": [
                    {
                        "condition": "minecraft:entity_properties",
                        "entity": "this",
                        "predicate": {
                            "type": "minecraft:interaction",
                            "nbt": "{Tags:[\"yggdrasil.runic_fracture.interaction.door\"]}"
                        }
                    }
                ]
            }
        }
    },
    "rewards": {
        "function": "yggdrasil:runic_fracture/open"
    }
}