{
    "type": "minecraft:equipment",
    "pools": [
        {
            "rolls": 1,
            "bonus_rolls": 0,
            "entries": [
                {
                    "type": "minecraft:item",
                    "name": "minecraft:iron_sword",
                    "weight": 4
                },
                {
                    "type": "minecraft:item",
                    "name": "minecraft:iron_sword",
                    "weight": 3,
                    "functions": [
                        {
                            "function": "minecraft:enchant_with_levels",
                            "levels": {
                                "min": 5,
                                "max": 15
                            }
                        },
                        {
                            "function": "minecraft:enchant_randomly",
                            "options": "#yggdrasil:equipment/item/sword",
                            "only_compatible": true
                        }
                    ]
                },
                {
                    "type": "minecraft:item",
                    "name": "minecraft:diamond_sword",
                    "weight": 2
                },
                {
                    "type": "minecraft:item",
                    "name": "minecraft:diamond_sword",
                    "weight": 2,
                    "functions": [
                        {
                            "function": "minecraft:enchant_with_levels",
                            "levels": {
                                "min": 5,
                                "max": 15
                            }
                        },
                        {
                            "function": "minecraft:enchant_randomly",
                            "options": "#yggdrasil:equipment/item/sword",
                            "only_compatible": true
                        }
                    ]
                },
                {
                    "type": "minecraft:item",
                    "name": "minecraft:netherite_sword",
                    "weight": 1
                },
                {
                    "type": "minecraft:item",
                    "name": "minecraft:netherite_sword",
                    "weight": 1,
                    "functions": [
                        {
                            "function": "minecraft:enchant_with_levels",
                            "levels": {
                                "min": 5,
                                "max": 15
                            }
                        },
                        {
                            "function": "minecraft:enchant_randomly",
                            "options": "#yggdrasil:equipment/item/sword",
                            "only_compatible": true
                        }
                    ]
                }
            ]
        }
    ],
    "random_sequence": "yggdrasil:alfheim_tree/equipment/item"
}