{
    "type": "minecraft:chest",
    "pools": [
        {
            "rolls": 1,
            "entries": [
                {
                    "type": "minecraft:item",
                    "name": "minecraft:map",
                    "functions": [
                        {
                            "function": "minecraft:set_name",
                            "entity": "this",
                            "target": "item_name",
                            "name": {
                                "translate": "item.yggdrasil.runic_fracture_map",
                                "fallback": "Runic Fracture Map"
                            }
                        },
                        {
                            "function": "minecraft:set_components",
                            "components": {
                                "minecraft:rarity": "epic",
                                "minecraft:map_color": 16777215
                            }
                        },
                        {
                            "function": "minecraft:exploration_map",
                            "destination": "yggdrasil:runic_fracture",
                            "decoration": "mansion"
                        },
                        {
                            "function": "minecraft:set_lore",
                            "entity": "this",
                            "lore": [
                                {
                                    "text": ""
                                },
                                {
                                    "translate": "item.yggdrasil.quest_item.structure",
                                    "fallback": "(Quest Item - Structure)",
                                    "color": "#707070",
                                    "bold": false,
                                    "italic": false,
                                    "underlined": false,
                                    "strikethrough": false,
                                    "obfuscated": false
                                },
                                {
                                    "translate": "item.yggdrasil.location.runic_fracture",
                                    "fallback": "[Runic Fracture]",
                                    "color": "#e7e7e7",
                                    "bold": false,
                                    "italic": false,
                                    "underlined": false,
                                    "strikethrough": false,
                                    "obfuscated": false
                                }
                            ],
                            "mode": "replace_all"
                        }
                    ]
                }
            ]
        }
    ],
    "random_sequence": "yggdrasil:asflors/treasure"
}