{
    "type": "minecraft:chest",
    "pools": [
        {
            "rolls": 1,
            "bonus_rolls": 0,
            "entries": [
                {
                    "type": "minecraft:item",
                    "name": "minecraft:leather_horse_armor",
                    "weight": 3,
                    "functions": [
                        {
                            "function": "minecraft:set_name",
                            "target": "item_name",
                            "name": {
                                "translate": "item.yggdrasil.traveler_key",
                                "fallback": "Traveler Key"
                            }
                        },
                        {
                            "function": "minecraft:set_components",
                            "components": {
                                "minecraft:item_model": "minecraft:trial_key",
                                "minecraft:dyed_color": {
                                    "rgb": 16777215,
                                    "show_in_tooltip": false
                                },
                                "!attribute_modifiers": {},
                                "!equippable": {},
                                "!max_damage": {},
                                "!damage": {},
                                "minecraft:hide_additional_tooltip": {},
                                "minecraft:rarity": "epic",
                                "minecraft:custom_data": {
                                    "yggdrasil": {
                                        "dungeon": "asflors",
                                        "ominous": false,
                                        "quest_item": true,
                                        "quest_id": "yggdrasil.asflors.traveler_key"
                                    }
                                }
                            }
                        },
                        {
                            "function": "minecraft:set_lore",
                            "entity": "this",
                            "lore": [
                                {
                                    "translate": "item.yggdrasil.traveler_key.lore.1",
                                    "fallback": "I've hidden a secret vault",
                                    "color": "#a0a0a0",
                                    "bold": false,
                                    "italic": false,
                                    "underlined": false,
                                    "strikethrough": false,
                                    "obfuscated": false
                                },
                                {
                                    "translate": "item.yggdrasil.traveler_key.lore.2",
                                    "fallback": "An ancient magic of the traveler",
                                    "color": "#a0a0a0",
                                    "bold": false,
                                    "italic": false,
                                    "underlined": false,
                                    "strikethrough": false,
                                    "obfuscated": false
                                },
                                {
                                    "text": ""
                                },
                                {
                                    "translate": "item.yggdrasil.quest_item.vault",
                                    "fallback": "(Quest Item - Vault)",
                                    "color": "#707070",
                                    "bold": false,
                                    "italic": false,
                                    "underlined": false,
                                    "strikethrough": false,
                                    "obfuscated": false
                                },
                                {
                                    "translate": "item.yggdrasil.location.asflors",
                                    "fallback": "[Village of Asflors]",
                                    "color": "#ffcbfc",
                                    "bold": false,
                                    "italic": false,
                                    "underlined": false,
                                    "strikethrough": false,
                                    "obfuscated": false
                                }
                            ],
                            "mode": "replace_all"
                        }
                    ]
                }
            ]
        }
    ],
    "random_sequence": "yggdrasil:asflors/key"
}